timestamp,core_limit,core_remaining,core_used,core_reset,search_limit,search_remaining,search_used,graphql_limit,graphql_remaining,graphql_used
2026-02-26T21:50:33Z,5000,3178,1822,1772145515,30,30,0,5000,4975,25
2026-02-26T22:04:50Z,5000,2209,2791,1772145515,30,30,0,5000,4968,32
2026-02-26T22:23:30Z,5000,1328,3672,1772145515,30,30,0,5000,4960,40
2026-02-26T22:42:54Z,5000,4521,479,1772149116,30,30,0,5000,4960,40
2026-02-26T22:58:05Z,5000,4500,500,1772149116,30,30,0,5000,5000,0
2026-02-26T23:12:57Z,5000,3626,1374,1772149116,30,30,0,5000,5000,0
2026-02-26T23:26:25Z,5000,3605,1395,1772149116,30,30,0,5000,5000,0
2026-02-26T23:41:57Z,5000,4812,188,1772152717,30,30,0,5000,5000,0
2026-02-26T23:53:59Z,5000,4791,209,1772152717,30,30,0,5000,5000,0
